sample_id,iteration,seed,Percentage of burned trees
0,0,151563034837271057013348890033804633232,0.0355
0,1,142493512041073962045995519660731658842,0.0355
0,2,102728172824781204952614747558790844355,0.04
0,3,100519841810307555430155348645145216159,0.022
0,4,229018320346394399324719863512302349898,0.0295
0,5,117792252815229736380995381420752116794,0.0215
0,6,40669759712163596662545327591005037622,0.028
0,7,8153932782525706518605590928690542475,0.0225
0,8,248471390692696568509282236877918943819,0.04
0,9,28687217465284640147647965190485739795,0.0455
0,10,267133923590045481075449633625992078815,0.0295
0,11,49419963767231941719362773903783684284,0.0285
0,12,211180605453277127406134044011421372188,0.027
0,13,225218808979868661744282637516736782991,0.0335
0,14,314069564031599461256146161380167431180,0.0425
0,15,21409144489004975954667248320014807659,0.0395
0,16,254876678546824353280632306363115072014,0.0335
0,17,185710193334220681153886069919386990916,0.028
0,18,2404841295002329779859797727008507645,0.034
0,19,269045691585014470862370319047481774754,0.0275
0,20,266726390820508123256007371499870706354,0.0425
0,21,213720263084197238126363440820979831747,0.0365
0,22,64513318185119049848845184889732415398,0.0255
0,23,302263066600733466154918223320396481170,0.029
0,24,266054220856481296323640892788211497465,0.0415
0,25,275637633151980005720801661469052266308,0.0325
0,26,106668700394307520104769697359094528441,0.0375
0,27,320493024102456053556716325669026749740,0.041
0,28,61432957988853774814544381574864036830,0.03
0,29,189289138433218350076787369665161914908,0.032
0,30,121002273721898851804346293097627860027,0.018
0,31,8161002901758578754599286222759821705,0.0315
0,32,302822002528128464326161076679600601985,0.0305
0,33,233986167157299582105377099648437356267,0.0325
0,34,179510662365802306328686241284120363517,0.022
0,35,318471239081649678683019673539841452570,0.0215
0,36,191777710415534526243772785976851291717,0.029
0,37,141510483477051635999079329124213070519,0.034
0,38,83593821461719284186236404542776029307,0.0285
0,39,106213905670629300384541830663899583847,0.0335
1,0,171135773868679571785782190450863155181,0.05381375760411792
1,1,179712713361622323999052657865905976901,0.03369209171736079
1,2,91621006077132108979759186902106414940,0.031820308844174076
1,3,204788975241289019078279399033134719810,0.031820308844174076
1,4,70171230662393323344810053803433229885,0.03275620028076743
1,5,111170468697885932281725969809699047480,0.03743565746373421
1,6,67687997820872696889388516201091872240,0.02339728591483388
1,7,280401953422362943960365780739470890003,0.031820308844174076
1,8,66896419499343517790463833375383677153,0.035563874590547495
1,9,252867164661521570120496597309141678170,0.035563874590547495
1,10,148472892818205275700578598473882612853,0.04211511464670098
1,11,174189053355418319254892014883074308100,0.0313523631258774
1,12,178124960235059649289415248694657191457,0.02105755732335049
1,13,333480309112225855004112726763389114459,0.03228825456247075
1,14,235112627856023000872327817878808855773,0.04211511464670098
1,15,165329506389491255462513281411531338690,0.03275620028076743
1,16,6966649568811969498767212149333612940,0.04211511464670098
1,17,176126335901681058321514358313690156314,0.04211511464670098
1,18,226044480331335309855371087577237857877,0.03603182030884417
1,19,262370916739138492181046138285803572395,0.03462798315395414
1,20,68795328010599704206846928000555223355,0.02667290594291062
1,21,51288186974405058992504197541086124710,0.03696771174543753
1,22,16447090930412093566846239343761758441,0.029948525970987367
1,23,144145304158815049732227993268655213718,0.035563874590547495
1,24,104034704285300668127383966405097112727,0.036499766027140855
1,25,268101963299419336502001663373305987156,0.030416471689284044
1,26,310542155207202691925639631871277368952,0.03228825456247075
1,27,277039433227162694775551040604664411430,0.03696771174543753
1,28,135475985501137458247155380490341485974,0.02667290594291062
1,29,144418682494794759591337618031437925185,0.03743565746373421
1,30,320964407288932941361389771727609892137,0.03228825456247075
1,31,174734506785867506718965694949383287403,0.04211511464670098
1,32,235639676109286699520987315205591966114,0.029480580252690687
1,33,22889907037730164959637104083943874594,0.03462798315395414
1,34,206640665109660699220232558323379936446,0.02526906878802059
1,35,308583632591293949683600901364306937241,0.04211511464670098
1,36,212160425524718582421459994283391697989,0.028076743097800654
1,37,4598743210300183858399804310840075574,0.022461394478240523
1,38,293649078741598564972117838775107222611,0.04211511464670098
1,39,86830199091858932496990914585735526482,0.02667290594291062
2,0,215633059825479332325830793798564641920,0.03296703296703297
2,1,101032441864959331540280137915561622157,0.04483516483516484
2,2,268344621578840437590387261761419598165,0.06725274725274726
2,3,242856704546129673250159023737564649152,0.045714285714285714
2,4,220768308375100821905152717536584617764,0.033846153846153845
2,5,39090985693737991924963513385353696985,0.03032967032967033
2,6,248763879666844431015470633536839119975,0.045714285714285714
2,7,234464623237508447437984820796815446214,0.036483516483516484
2,8,251955219503971104671373169418832204900,0.024175824175824177
2,9,228875729741125758957257640799920373185,0.037802197802197804
2,10,176799631011816865761942509936652443689,0.03208791208791209
2,11,106288268681290899381511543520865206333,0.03120879120879121
2,12,89152989892049071131843030234007680922,0.03428571428571429
2,13,21357953833073134566090238740283323999,0.03736263736263736
2,14,104722206045860090998802904774249297607,0.05142857142857143
2,15,94358316088505859955552403592871428046,0.02989010989010989
2,16,270553695727564914098624070100438669804,0.044395604395604395
2,17,161659503530972652888511621950470168328,0.0421978021978022
2,18,317368035924454491334962015799392797540,0.04879120879120879
2,19,176151374537687427024458800901796279302,0.04527472527472527
2,20,337113617868876440242275210613724051799,0.0421978021978022
2,21,44965133999980866843285363474255529431,0.04483516483516484
2,22,123818279609237467147954651696687861519,0.05098901098901099
2,23,252267905373500586364785349801580571424,0.028131868131868132
2,24,94411734649305449873071434559332369479,0.027692307692307693
2,25,340179687620200234782758688231213841321,0.046153846153846156
2,26,127724279896130494462186424543500487218,0.036923076923076927
2,27,158399516918528434723661058749755421743,0.01978021978021978
2,28,223966631713481449410366717038933831088,0.03736263736263736
2,29,283564198941022101469688721004947746737,0.025934065934065935
2,30,95857609448193293881922343619953680067,0.04791208791208791
2,31,242294304584624449814475746116039235987,0.036483516483516484
2,32,224048591900909553583102400728141184550,0.04131868131868132
2,33,153601173097819232071956329107236619613,0.03824175824175824
2,34,265022675201584302993870239687958282114,0.04659340659340659
2,35,146202382053949581720256835981343609943,0.03164835164835165
2,36,323210798916373526205604057432822086609,0.03164835164835165
2,37,79262707828903320117274407101298145128,0.04483516483516484
2,38,191028116592355598157853210076354657549,0.04351648351648352
2,39,60688057361756731876341047374442060735,0.03164835164835165
3,0,147207838780733294466596534844261085584,0.03273932863655201
3,1,203769860152751124380039105367679748049,0.03273932863655201
3,2,109725275203616532885363781710294333371,0.04061334438458351
3,3,61697714284363378837250371494222408414,0.03439701616245338
3,4,251104641969587146980704939465848910519,0.03398259428097804
3,5,71225680984150272447206067535733844329,0.0435142975549109
3,6,24173220966017476681219663635772606498,0.038541234977206795
3,7,278199430113646204769857673046097437069,0.038541234977206795
3,8,119006409277726214305534589313934067570,0.0563613758806465
3,9,23339953370157933499286698272321238282,0.03232490675507667
3,10,71403609766243145884868070354769566046,0.024450891007045172
3,11,284031074126405279402919317722836978218,0.05263157894736842
3,12,249124191384277544144490064446842540256,0.026937422295897222
3,13,144729926333733349969860934341020378426,0.03398259428097804
3,14,227808728908195720040601898049304396269,0.052217157065893076
3,15,113279184732426761332352021614017397637,0.06299212598425197
3,16,34528015377719740636916976812538534698,0.03315375051802735
3,17,298117516098672753906771091070843932624,0.029423953584749276
3,18,282700586453518562073484975585020835900,0.030252797347699957
3,19,5434039711909325321228859455619511735,0.029009531703273934
3,20,103433551562987413180116583007747680529,0.06009117281392457
3,21,115586973954029799690299402406259913100,0.03232490675507667
3,22,298116747972095742756099609146202288505,0.0306672192291753
3,23,96067214874670063949501010752472106483,0.040198922503108164
3,24,58042922496157777309232957774304999340,0.040198922503108164
3,25,83219666028515069761795990635724273859,0.04641525072523829
3,26,99552815947189419762960218137496203755,0.045171985080812264
3,27,176208838863482178062736584701604703440,0.033568172399502695
3,28,141789867418480374410508223069794508285,0.040198922503108164
3,29,172460202344203525652431707849671193255,0.031496062992125984
3,30,11282473030039986623771963761975060800,0.038541234977206795
3,31,284278086516952307803932528943495206074,0.04682967260671363
3,32,160973166287959547438716158435111741351,0.04807293825113966
3,33,10859934026700018551966838811554906353,0.04558640696228761
3,34,41990327805273937931640900670569988800,0.04475756319933692
3,35,45200869906048556831786284067221912452,0.03729796933278077
3,36,105560782211694621826747567168868285255,0.03108164111065064
3,37,195870524020696069044501410378220822985,0.04931620389556569
3,38,128106943387087804974603430068182677374,0.05014504765851637
3,39,49310480804742347492023753879160852263,0.03273932863655201
4,0,25435427269572611883810579590854758380,0.028616228929831438
4,1,274445665268560458002723530964633622682,0.026264210113680908
4,2,157673310150878932959372924303346437120,0.04547236377891023
4,3,38613252643630092820998625457327089905,0.04468835750686005
4,4,41747325431424111936781433704115546510,0.04821638573108585
4,5,54371355458944437789498709899515131571,0.052920423363386905
4,6,117542641009803654108421783478749546785,0.03880831046648373
4,7,91029418078718369398894640754911928871,0.046648373186985496
4,8,32481724997526577279723816020848367370,0.029400235201881616
4,9,169119550584780939078194263018224128214,0.05488043904351235
4,10,73766671365875187765721490856547814149,0.04900039200313602
4,11,88833912568249579456662504521777853975,0.03880831046648373
4,12,317719962141637360324248042201375776683,0.033320266562132494
4,13,33508964281673561479419279566932170950,0.03841630733045864
4,14,118115650564961733641591524264386223219,0.03449627597020776
4,15,103160211489543403692477993145082777056,0.05370442963543708
4,16,212763926378161608116193698543708006593,0.026264210113680908
4,17,231648778824619544727480506934651938160,0.03724029792238338
4,18,196874171581407880687977765449776155527,0.052920423363386905
4,19,321004794569154600787454152160702108148,0.0497843982751862
4,20,202039420369764933490654211223523908271,0.0564484515876127
4,21,11802951846133158809237047958488081018,0.032928263426107406
4,22,29221744257389492654733147820782242219,0.047040376323010585
4,23,284790426817508651972829458672769729621,0.042728341826734614
4,24,187011779461874361409436741753134897958,0.047432379459035674
4,25,102359987471955078260442569314886020950,0.05527244217953744
4,26,263069994858769785742305872633479918747,0.032536260290082324
4,27,170014737078193942655653283861227585210,0.038024304194433554
4,28,63463421068444183505715923134930376075,0.04037632301058409
4,29,91604742662068750755074577126663062580,0.05017640141121129
4,30,323911406114922960354905892964093675809,0.029400235201881616
4,31,211165254452520295601707225697464635935,0.03959231673853391
4,32,53291379375798831474964992734516122916,0.03724029792238338
4,33,103440372662869342919768253542571328876,0.057624460995687965
4,34,143124751775091984451675815642980310905,0.06076048608388867
4,35,155553657427647299098533846349433207566,0.03606428851430812
4,36,123919845175014637044748362388184222654,0.03449627597020776
4,37,149609134947989451069518329327534177328,0.04625637005096041
4,38,102375834017978689851150577444419383547,0.04076832614660917
4,39,321244821376819279323509774403716355188,0.03528028224225794
5,0,336482037703592537694819417546590005592,0.05764224618817404
5,1,333226407347246012896796628609953039202,0.05280773521755299
5,2,154428524330721287722720930420716900435,0.05280773521755299
5,3,193950999575510850132348922302353487692,0.044626255113425065
5,4,268316447360003977789636292748944825432,0.044998140572703606
5,5,289206230147798306261713641765482056620,0.06284864261807363
5,6,278514323565680071616007941615671659068,0.05875790256600967
5,7,225818378273319487139190534311417841913,0.05801413164745258
5,8,117802443580617178593143860440232466087,0.02900706582372629
5,9,51852272243931136402207129556903803565,0.049460766084046114
5,10,258793418076092169462386166341414544458,0.04165117143919673
5,11,132026022028530941965385464606215644539,0.06433618445518781
5,12,5774313512943895072270146808733309774,0.046113796950539236
5,13,67626491834009969085651031905907967585,0.0792116028263295
5,14,5352151695726066967063287477113230228,0.0379323168464113
5,15,220436945368383412539310638674812131583,0.039791744142804016
5,16,21829625876564602724230918859958473065,0.033097805875790254
5,17,125289952431984958787093868568010401102,0.039791744142804016
5,18,78393026950483701244480100692826903836,0.02900706582372629
5,19,287906207784907281842151778935200939261,0.04165117143919673
5,20,222500906905357512317505788099277390863,0.04127928597991819
5,21,4194993036562025532059014214185864238,0.04425436965414652
5,22,162437009672102375943555915249692365654,0.04425436965414652
5,23,251446522778671141910172600221274803562,0.04388248419486798
5,24,170440584764199021831219417151220076620,0.044998140572703606
5,25,322021308365926757361558707717001194872,0.03830420230568985
5,26,324206120324887209298944226825124804305,0.039419858683525474
5,27,125716506742613214959775645928432255664,0.03756043138713276
5,28,139130032497799042563684123398951730578,0.02677575306805504
5,29,173343770689549261002471897579117676636,0.06768315358869469
5,30,2146311202986990521859436098106325047,0.04202305689847527
5,31,194929248529005349285552888236568403618,0.054667162513945704
5,32,324428218825586304477780540092475160327,0.03198214949795463
5,33,263963241494991052286036786023264270863,0.06396429899590926
5,34,191155287864811031912838702474226750275,0.05875790256600967
5,35,293686008904992626444355136381707542837,0.05317962067683154
5,36,129758553389203230228191040483358432527,0.06731126812941614
5,37,175827322258989548286827901521353646240,0.05912978802528821
5,38,136302314858551202110182227024384279154,0.03384157679434734
5,39,16519367675511379898273124345596936283,0.05950167348456675
6,0,243157784636728828486729070445507478537,0.04916873010258224
6,1,330171702711869254934214961093061709166,0.048461266360099044
6,2,297616639833973468142179869374360754417,0.039617969579059074
6,3,328664146980367194726465905784448811923,0.04669260700389105
6,4,188727881793828020383839002128452702596,0.038910505836575876
6,5,177417843928574607188044613197623248339,0.060841881853555005
6,6,38674465521698867430225709676097279199,0.033958259639193494
6,7,154213056605422799467582407341242490375,0.04810753448885745
6,8,19428805214926577120236579448871713972,0.03608065086664308
6,9,306481834409322694598932936296725990722,0.07463742483197736
6,10,78356535167160467723727805672399418083,0.04669260700389105
6,11,299336115353587187095512083007987692493,0.04740007074637425
6,12,279572279827787136868545846632177604203,0.055182171913689425
6,13,48076014566832780665167401692399490101,0.04492394764768306
6,14,60587533237605341357532646485192088195,0.04350902016271666
6,15,323397726448270499032472839095904053116,0.052706048814998234
6,16,320700168485635608618413471956877453174,0.035373187124159884
6,17,228619901217594108887072548589782914286,0.04244782454899186
6,18,103028786880520088775201416898888539952,0.04492394764768306
6,19,10888276527709044225935304620556925203,0.060134418111071807
6,20,45459556917345162307335597350780695923,0.05553590378493102
6,21,76425675255277333328696574269212226583,0.037141846480367884
6,22,113249660715902485725240476250239757034,0.0636717368234878
6,23,313799775292138522332688303945501588490,0.04138662893526707
6,24,147273782382288232212245282695733815055,0.04067916519278387
6,25,121246289253985581112585332109467715343,0.04350902016271666
6,26,99123695245767994873585657005291244355,0.0640254686947294
6,27,25506488507048233973346652628890924134,0.037141846480367884
6,28,187528157634504707003361690092512403697,0.04174036080650867
6,29,305639004449781385128469999279187355901,0.06827025114962858
6,30,321930039446966174246503768334764000355,0.052706048814998234
6,31,110742162980933888780524036152080967640,0.05659709939865582
6,32,233452274758268603846065667010380181631,0.042801556420233464
6,33,326492665864915770035802498495078772119,0.03749557835160948
6,34,281258178748185139842496675511710183823,0.03678811460912628
6,35,143408436020541612062926641552284657843,0.05871949062610541
6,36,204874238787373073572591904093926815054,0.03784931022285108
6,37,213785851571571314374613122266131477665,0.04669260700389105
6,38,45962965123133969002679402525578372704,0.042094092677750265
6,39,849727148572196053189924015209579277,0.06473293243721259
7,0,92669603259625138270850787116545876232,0.048903878583473864
7,1,101419447973981984232290339767096716189,0.045868465430016866
7,2,268820545697882652830737770001380969469,0.06745362563237774
7,3,192074141827406726503348835401017819636,0.05193929173693086
7,4,133857328949348227976624608391826167187,0.048229342327150086
7,5,124705640165939046890502421346731407700,0.06408094435075885
7,6,48168189239795381707714997918425666560,0.055311973018549745
7,7,258884591226081519292418679720060393404,0.058684654300168636
7,8,230505570759027827728292206795161394304,0.044856661045531196
7,9,67593471266322443009688093132303012612,0.10421585160202361
7,10,221490188649341674098789591751929661170,0.07217537942664418
7,11,21472367227807910168664615590484521165,0.04519392917369309
7,12,182320062309075267703912193495045247129,0.07352445193929173
7,13,252124364710940768702614379669128221277,0.05497470489038786
7,14,50456126724208514448720866520479751902,0.061045531197301856
7,15,38333279603406039228592587631940724530,0.036762225969645866
7,16,3440065590063235109405323453825730835,0.06677908937605397
7,17,55151902442423953863699106235341373189,0.047217537942664416
7,18,181479387537627093909142479547878664664,0.07959527824620573
7,19,24111116109307810683963661870739461499,0.04384485666104553
7,20,14732824525193119492484263767887540802,0.05092748735244519
7,21,239834326428671003842444705335371074240,0.05733558178752108
7,22,153496189189592111634496296243386834129,0.04418212478920742
7,23,141202090160969582904784572709624874598,0.05396290050590219
7,24,148150322253731926426116664830947895895,0.08870151770657674
7,25,220512214995775784322904746116469203864,0.08263069139966273
7,26,190289839778327069214208084176165265600,0.055311973018549745
7,27,309155259869445956121367837343959024867,0.040809443507588535
7,28,70290048552595162378801993179203411382,0.04991568296795953
7,29,285367510377110432154544197694533871022,0.055986509274873524
7,30,97227707753192359602571752679848524233,0.030016863406408096
7,31,21184928513837296074476204268305475465,0.037436762225969644
7,32,169772895932306372319452010252999272963,0.07284991568296796
7,33,55187459616358389253350828252014431152,0.04991568296795953
7,34,61940165175788071121084903547950278113,0.06205733558178752
7,35,201664515237406780047848039125693974254,0.05092748735244519
7,36,317456087709734824775719818288042319995,0.07251264755480608
7,37,226092474672159478074594106938717297228,0.07993254637436763
7,38,302191684145058957722971808746007202743,0.05092748735244519
7,39,104888341315119854015410447563902527613,0.03473861720067454
8,0,104557987008728109855292027542612572636,0.04028359651949726
8,1,98141963469918317242510619991953874789,0.03061553335481792
8,2,27284120549600930704559458986384746506,0.044150821785369
8,3,175304285616725898757187146945498197784,0.06058652916532388
8,4,42844996199911151959527179465410278600,0.044795359329680956
8,5,160519848089100489464365917048452734451,0.06993232355784725
8,6,291040429542663070888439263645480641529,0.03319368353206574
8,7,18042973043359749821498583936399472172,0.08959071865936191
8,8,146454133033822182963565769320674793138,0.05252980986142443
8,9,75357296509340088253283108800476125708,0.08314534321624234
8,10,222517058479122702937627558929678329175,0.08411214953271028
8,11,277487695604946317930621568313251408693,0.0676764421527554
8,12,330623208738146685427800755812612124698,0.09893651305188528
8,13,329697913793077470131261057746881803922,0.08121173058330648
8,14,83444964445945259501902915460379089282,0.06123106670963584
8,15,56442018494407883318819483632813651503,0.06832097969706735
8,16,256486425629286015162103280328456977804,0.047695778279084756
8,17,255209861104454934465720832514478448495,0.10151466322913309
8,18,38351978983653856448058304470236267824,0.051240734772800514
8,19,164078448575187208794321026530903650047,0.051240734772800514
8,20,267469574725247413017402938829501611793,0.06348694811472769
8,21,10803398902463187284394375337400979845,0.03931679020302933
8,22,101107027053932376046887835715372847715,0.048340315823396714
8,23,315572184116698991947482334002949863928,0.07669996777312278
8,24,276884088443808774254159974423556243601,0.05252980986142443
8,25,250612487894906090766466379686389993856,0.0705768611021592
8,26,41516895345429225370060742490155024962,0.03802771511440541
8,27,266440762818326689211009843448084466256,0.053496616177892364
8,28,66607687439324232635059110321343889435,0.13470834676119883
8,29,295458237930246911073907381464449668697,0.06219787302610377
8,30,264326568721068370051591108966570265165,0.0721882049629391
8,31,25955377991983070014824205115316456366,0.05800837898807606
8,32,123870752318528744917794158269587336791,0.08507895584917821
8,33,69679624313928193597556971428077146098,0.0779890428617467
8,34,231361640062754215742581522440786606441,0.042539477924589106
8,35,306268882115206404903271892166540816749,0.06832097969706735
8,36,258989693357436816727287393852851284377,0.08475668707702223
8,37,325209392226686096892221193701157951447,0.06735417338059942
8,38,94098571839233033012888219236054047274,0.036416371253625526
8,39,134806795288191301106536719012707068427,0.08862391234289398
9,0,75074992429437801547604565883857039162,0.05029311940759025
9,1,58546346095201062811040994051581240489,0.05646405430422709
9,2,110163991298362497805334028589120935048,0.04813329219376736
9,3,47858259055270960595469040674413385854,0.06047516198704104
9,4,147230263553895590346001591676735028834,0.09966059858068498
9,5,101035603548637999713417016658470907315,0.06479481641468683
9,6,69630173057045175715597530460901342564,0.07775377969762419
9,7,113818752260682543257502803568989924798,0.08947855600123418
9,8,236994320902028993745864522568281713050,0.06479481641468683
9,9,313742705076331136573618376164222773526,0.06633755013884604
9,10,325221762153416424985224155438778136222,0.0697315643319963
9,11,54791339407008095200601853856050314843,0.05307004011107683
9,12,273199296934149647156400317237716504458,0.11045973464979944
9,13,97382152866366668067266112668124476352,0.061709348966368406
9,14,78766532377182664003715663730947730412,0.04813329219376736
9,15,118805766765774139132638283482478612868,0.054612773835236036
9,16,35102361243577529643386220418047538918,0.06757173711817341
9,17,300609517724346741570145208949923295760,0.058315334773218146
9,18,64557290221770175442670900321661396364,0.051218759642085776
9,19,46319764770823952655752229046991195550,0.08701018204257945
9,20,92572355004988869215717183073970261358,0.06942301758716446
9,21,137196394802309006731987976424454215363,0.05738969453872261
9,22,222403937100422768937807312581344084890,0.04134526380746683
9,23,267999773990704435611715952528482260851,0.0660290033940142
9,24,3269858544510928962644147837096856117,0.05368713360074051
9,25,242286058645030316013667236667635764091,0.0484418389385992
9,26,141636290723392439315277838788906938586,0.046282011724776306
9,27,158337422692963803746187576758291124858,0.06911447084233262
9,28,196653596765520307060268259333254516833,0.05522986732489972
9,29,141326271061112756187714525782392229409,0.06263498920086392
9,30,276472535461114293725296475846289486075,0.06726319037334157
9,31,262819108761699702562168552595501834546,0.08454180808392471
9,32,120638774898032069241160486428516686756,0.08454180808392471
9,33,152134824324487307122454292289725421618,0.09996914532551682
9,34,17142740374848026768484135485676779675,0.07960506016661524
9,35,328944047232483229851916958153657345148,0.05368713360074051
9,36,333102530221813412049781492652313310501,0.10243751928417155
9,37,188948828222313307582179627170361755699,0.0734341252699784
9,38,174433531564652577335706389871134590447,0.059858068497377355
9,39,236026689028897570104234678336284501020,0.04875038568343104
10,0,137332945910947857968994376597565410699,0.06836342113051198
10,1,142563323425176194509470354474893249604,0.1086120153891684
10,2,43183607654873282638374683091961726605,0.03788102989050015
10,3,262013127497635543305524969037483887088,0.06717963894643386
10,4,328874810478368976835105108505682060450,0.08434448061556674
10,5,228028601263128791135347682498410364704,0.1151228174015981
10,6,60579203539185528477251907499881107082,0.06037289138798461
10,7,263132125916227886363934668823169343208,0.21781592187037585
10,8,307026475220965852265323631714424101890,0.09381473808819177
10,9,69896467204032787508040341538293303876,0.10062148564664102
10,10,188561887385022509513407860425304526293,0.10121337673868008
10,11,62187317999212686821104380389025391846,0.09470257472625036
10,12,229911134413186268495020812163584005192,0.08345664397750814
10,13,9358435173131043367529478042838600715,0.07960935187925422
10,14,191028525405687803575053599322384376542,0.05770938147380882
10,15,154792823028210188607473032089348349067,0.09322284699615271
10,16,254114915409636318971767973734027662899,0.10121337673868008
10,17,119899273424752109594644846697587948628,0.05149452500739864
10,18,340026479881467434010818459743431897332,0.06954720331459012
10,19,21458042166938337882593283651408938756,0.12163361941402782
10,20,156999489823834514589276520639961555288,0.1177863273157739
10,21,142422666336553388578468643128381349348,0.1553714116602545
10,22,336667169668378696403223711532118191322,0.063924237940219
10,23,326562113654810234210172581181832479538,0.0730985498668245
10,24,77061099410159543443130725450458861955,0.1488606096478248
10,25,156477537760339616612649052460647463191,0.07842556969517608
10,26,64477503850931929923164276518931278796,0.06244451021012134
10,27,292031804100946541058550863138846295400,0.0849363717076058
10,28,130608606044849932572253116975799343974,0.1361349511689849
10,29,338070019574884983118576866680448408149,0.07605800532701983
10,30,215005432478798332503888762349457487752,0.048831015093222845
10,31,74341405709462381841791986919111263297,0.1325836046167505
10,32,291309067548634740219557274048341289690,0.0529742527374963
10,33,209010883494810107294297533843913905389,0.09440662918023084
10,34,332825476139650260056772395141486161938,0.08345664397750814
10,35,214719488878684546977918583623936989876,0.06688369340041432
10,36,58123292777213433592827868603363686918,0.07635395087303937
10,37,99567325926765572751323527478802699131,0.060964782480023676
10,38,103244408656767849514629154099838341015,0.07132287659070731
10,39,158018266170861390897203326092679875294,0.06599585676235573
11,0,265274007836515861896782112045453560538,0.056013647995450666
11,1,132949599864162434264288858880183096325,0.11088996303667899
11,2,251109322947881775583154353908805948919,0.09610463463178845
11,3,2587635152058176433773981321101808350,0.21865226044924652
11,4,247190648336202223808371120228659713544,0.06596531134489622
11,5,86157001261194218508617637746694511006,0.11202729599090133
11,6,113647959120643243488109151760905970433,0.08928063690645437
11,7,101944579256682560558844289143299753078,0.12112595962468012
11,8,245389308942939281641860141946994302175,0.10804663065112312
11,9,209469732887671065814681282099895421482,0.11515496161501279
11,10,45617439162941811410085807435523887498,0.1615012794995735
11,11,191973358824884010480088419513783663913,0.17003127665624113
11,12,272539897445933908671712875265104499129,0.1441569519476827
11,13,194834497024865361647588361738506825107,0.09013363662212112
11,14,41148885984528597091825523426734931619,0.12084162638612454
11,15,189244481335228280440689090489179457223,0.1285186238271254
11,16,299548028797779955990207122061033703201,0.08103497298834234
11,17,98398617851115168226470666865223113521,0.12311629229456923
11,18,336770343192896589539387911519613659105,0.059141313619562125
11,19,31614973242468556390172422461547229792,0.12226329257890248
11,20,240987120512468363627067306515755143702,0.1174296275234575
11,21,15990154424446999528232830536086322549,0.07762297412567529
11,22,17177546425108813218847123987015903171,0.16917827694057436
11,23,2573941646673302368199609659002530046,0.12027295990901336
11,24,187130383762499280432179343148910236342,0.09212396929201024
11,25,196424438630573752456826186592345186096,0.08473130508956497
11,26,72324397032225880346323003118408562369,0.1128802957065681
11,27,8519952487683144069056648113679488350,0.10292863235712255
11,28,48855783739601660128180080008319380882,0.07847597384134206
11,29,107613947174846267892939097322461209743,0.07676997441000853
11,30,232966612413940178083775857520328851087,0.1703156098947967
11,31,41097281464902020695788504347854667789,0.07222064259311914
11,32,197172737275504643262652055727023211386,0.09183963605345465
11,33,54730061890938524739667645733599717710,0.05999431333522889
11,34,148262815129996792234158304913411945141,0.08046630651123117
11,35,50050993261834504836830032417855348078,0.06340631219789593
11,36,25184131575794181242671455834268187516,0.14500995166334946
11,37,13809948777635600909748456484848474291,0.09354563548478817
11,38,88610890063222023097984693400359016726,0.1595109468296844
11,39,270678585382205306196838774968519222713,0.07819164060278647
12,0,103109892627787520631986230886667161636,0.11764705882352941
12,1,19095624394982684449581556981164000128,0.09630642954856361
12,2,92766376522196053102946634766820969870,0.1835841313269494
12,3,209711439198675734161795353094193225626,0.15567715458276335
12,4,125668835230568277697615219912970637477,0.093296853625171
12,5,80562123670383342069410381334583106244,0.07715458276333789
12,6,168426015613390101513346338292925025632,0.25745554035567714
12,7,316435588167178059429395167095129888738,0.11819425444596443
12,8,194074327351734449331622812810784464009,0.3094391244870041
12,9,213351778204648532073517592072117992720,0.08946648426812585
12,10,75798523294589091721031609785749062030,0.20875512995896034
12,11,63358728797443868951141903647468592810,0.16415868673050615
12,12,329685263058048331315573945670673009325,0.11326949384404925
12,13,14426941616831157541602187618141506198,0.19616963064295487
12,14,312674186398609646134953528683579684593,0.11244870041039672
12,15,275185690162557228410233862842211624603,0.1436388508891929
12,16,215627757176980983313947524652657361383,0.2618331053351573
12,17,257504624813039494014608024081883967243,0.15239398084815323
12,18,14285423379852191974155941939242437133,0.19398084815321479
12,19,19731877297451861354679372358758999984,0.39835841313269493
12,20,254067155793937758343117234757885605062,0.10424076607387141
12,21,246004853240888946791659098519404980512,0.06046511627906977
12,22,216967311418009177615250179066801411189,0.1677154582763338
12,23,135228688449941072395590912633121044794,0.20738714090287277
12,24,79713847658405820661699107613907714610,0.21723666210670314
12,25,8859636524438286095464075045602733181,0.07140902872777018
12,26,327097212276491157724337953049662622778,0.19288645690834474
12,27,221844107884876328036778963578459305096,0.12366621067031464
12,28,181841726102636823804819768407793565527,0.10916552667578659
12,29,197017372826597269900306849583490252604,0.19097127222982216
12,30,284765551837461410763853418662496446919,0.12093023255813953
12,31,132147938264644557511965959792954653736,0.13515731874145007
12,32,128418296804291870413343438283224816289,0.09794801641586867
12,33,132333639736795042297585517606162049030,0.1838577291381669
12,34,189126755620772924580757640691692461807,0.09220246238030096
12,35,124742816781526851071363014886623702507,0.20820793433652532
12,36,335004044887043073622573151086886797695,0.12585499316005472
12,37,122181784895533565263746169590804231468,0.1545827633378933
12,38,107148744376623186500863361597045999653,0.24596443228454173
12,39,323152429780141396992600939882053019813,0.14856361149110808
13,0,268986795144918198996146334224862100409,0.4431848141312945
13,1,62974549102102058348522404109005882236,0.18428684418665964
13,2,259632975700143869917245595230288421719,0.31320854205114684
13,3,225244959573735462768449433079430240783,0.3585552333245452
13,4,280761585134512066474294956755803720439,0.14263116266807277
13,5,249720637784159649564980011688938634144,0.20827840759293434
13,6,262207461405302368519589092773659021572,0.10044819404165568
13,7,305704643898606816401086192509355415382,0.3016082256788821
13,8,57341172974310172167001128411574994806,0.06670181914052202
13,9,335571720845322394848198360998641807736,0.12575797521750592
13,10,298247422025378678581419926161257456453,0.21513313999472714
13,11,330896449402334231246034650421915024950,0.33008172950171366
13,12,223006785723313690122273524997238036135,0.18876878460321644
13,13,174314262329783350261919985970300238946,0.11890324281571316
13,14,316058073924448163016984549634727013417,0.09385710519377802
13,15,298554182970719746649330495789113772283,0.11152122330609017
13,16,114975478616946958605044067123009255714,0.11073029264434485
13,17,290596781376613174002116144861141668625,0.17374110203005536
13,18,285715498573041614726227850627627340960,0.20827840759293434
13,19,78138959732898055383748724373736774607,0.2955444239388347
13,20,260931512429337286398392088659923551731,0.16214078565779066
13,21,274378556931495189473434728443238282045,0.2333245452148695
13,22,69938796979248633950730323715059257456,0.36699182704982863
13,23,309474745536777322920918927100512413039,0.4015291326127076
13,24,148907900804669065764812058448406263797,0.25942525705246505
13,25,263862618005736904804428359623882107866,0.1982599525441603
13,26,133287738627111338802877863251118288668,0.1318217769575534
13,27,18936950405217024819167956062916709696,0.10809385710519377
13,28,34383724462867756242934469937082642442,0.2657527023464276
13,29,2437280793055664382148124937339449760,0.1821776957553388
13,30,62059141829208549197241707954430541899,0.10493013445821249
13,31,264034833039849557577433219828184261062,0.22093329818085947
13,32,317699587844326763527921188441292463962,0.37832849986817824
13,33,326471326715659377097664512718977717712,0.057737938307408386
13,34,222737193545663701060995707160990838149,0.1906142894806222
13,35,125701734404060616448667024957866674626,0.2536250988663327
13,36,193142114829694034580930927420228122431,0.28394410756657
13,37,319648740172440673832378232355739760866,0.276562088056947
13,38,268096985430178736798653475837634487641,0.26627998945425785
13,39,94892082836899522536678448544564678520,0.21196941734774585
14,0,236029713373136714866596267700744790177,0.25489697278046297
14,1,79591280339131802152713487333225663886,0.13584329687102517
14,2,109411761111937296428100380881738789723,0.2258967183922666
14,3,78922127798983058346216008511294132846,0.20325616891376241
14,4,107825205109682523843257689020994986849,0.27423047570592723
14,5,147836666579342682458949668032547362400,0.3452047824980921
14,6,116443350467184449957992017377753474905,0.36046807428135336
14,7,286242192813456153159264789168006973133,0.2157211905367591
14,8,110333923783030311044056471117829850250,0.43627575680488423
14,9,210560081328590864243163413540986711895,0.5822945815314169
14,10,128680545566813044855261347848115491635,0.17196642075807683
14,11,250628467617217142418701934001682143710,0.324090562197914
14,12,162718699376826470336365346939803574296,0.32358178580513863
14,13,46002143952461173730585109358933177736,0.5555838209107098
14,14,77477217307509921154288240025592908268,0.24573899771050622
14,15,107392726182509485586175793458946039651,0.38895955227677437
14,16,283018333216202144823459095139951790037,0.13024675655049606
14,17,13453313878816299002612909372362921020,0.20401933350292548
14,18,25023229884814862809252280012136991430,0.2770287458661918
14,19,76565933582110340750854701559853414024,0.16815059781226152
14,20,87040262103974170934990855750457344772,0.4189773594505215
14,21,181143752441248688878213340241233927311,0.30094123632663444
14,22,76659019655248081173077025701843948574,0.40931060798778934
14,23,215150033039238530863316395273107716349,0.46451284660391756
14,24,182396885602415003010716604949956473147,0.14958025947596032
14,25,189748370474195948542492159400215869514,0.33782752480284917
14,26,216547910400457679455636978732216041508,0.4665479521750191
14,27,159851741274666832603177171337395731469,0.18417705418468583
14,28,171165347260262816531226877633633424368,0.2302213177308573
14,29,15232770463736144987025390525065981864,0.15136097685067412
14,30,43597523388918729095022009979981841281,0.46553039938946833
14,31,264236499963539676374470649387676189614,0.23708979903332486
14,32,98496319452836529167774455488922361336,0.6479267361994403
14,33,289798653676735130042477370000658779565,0.3370643602136861
14,34,142698477303681215488296299072149390498,0.1951157466293564
14,35,214968241118728758557142953557625174115,0.4917323836174001
14,36,669765593072238937315576636641991228,0.21495802594759603
14,37,40405261132355764362590874412404491941,0.4718901042991605
14,38,200232757557482958909167902334877697849,0.2444670567285678
14,39,200547517019057077822989772525712795242,0.18824726532688882
15,0,52014086088515685391558947019114991271,0.6978859390363815
15,1,297763776576148040642218546692760257894,0.5484267453294002
15,2,201424689980831119365184715441449527584,0.41887905604719766
15,3,324476913611105816134729351042710593012,0.7935103244837758
15,4,228118431816958094538319192309698572363,0.556047197640118
15,5,136295623846494293018216318798309891352,0.7615535889872173
15,6,29506474365983225654419470795831191643,0.8426745329400197
15,7,5331027816923514775253034341824165479,0.3584070796460177
15,8,243460110750361955451255744262524642555,0.4945919370698132
15,9,116379466022848743831090084208584342246,0.5567846607669616
15,10,26622129303022438430994664432393908810,0.5909537856440511
15,11,98584600898735556980343523635395969150,0.4314159292035398
15,12,224748311540569317422651357545514698114,0.16297935103244837
15,13,25028903234078603140013944284206342012,0.6993608652900688
15,14,250084191540350651860747184723444159260,0.2000983284169125
15,15,284490861428860602063569073825539601023,0.7782694198623402
15,16,206451266470298516041347470674317876964,0.7246804326450345
15,17,226636986083515593010937662369483545427,0.34636184857423796
15,18,338314148239242289793429883437111684362,0.313913470993117
15,19,114019455167023089763176016611318880786,0.6189773844641101
15,20,144182886079989718169659223618337714545,0.16297935103244837
15,21,193223583717904704365549581834092945288,0.23156342182890854
15,22,263904471868655404591761974181631341395,0.415929203539823
15,23,44675789301391713397312531295970161166,0.6789577187807276
15,24,206213529583921419548570732918035125550,0.3697148475909538
15,25,29252211803196581662360938253595443970,0.32841691248770893
15,26,140057714196003477729272232343108900086,0.6799410029498525
15,27,184741054418509507459391681644477157689,0.3888888888888889
15,28,65999191672129749039786245409786416865,0.5511307767944936
15,29,198576677840272691758345149843611345398,0.35988200589970504
15,30,334079177047173825580878130528506993785,0.757866273352999
15,31,159617335479268464722346813297999374541,0.2969518190757129
15,32,55710126430915803374868259451186566406,0.4638643067846608
15,33,319957398426586804160577088031745447135,0.23131760078662733
15,34,215982304090239719964550044421109697756,0.5850540806293019
15,35,29344864630717824352582196921634270203,0.7229596853490659
15,36,259219044991534441828420199699307779054,0.29523107177974434
15,37,109784136066689464618569306217391850468,0.7094395280235988
15,38,316600444415885372015435887422911047997,0.16027531956735497
15,39,154129529342521514843669544464482710332,0.5683382497541789
16,0,67903682321614410635859973468849904298,0.6357584403233476
16,1,39248271138273491865130753232958614117,0.879695672848312
16,2,106939241648603521282814788691890872591,0.6243461721350452
16,3,204947399611602986775355325340523609601,0.5349500713266762
16,4,104318794701355245388485212826383744089,0.8252496433666191
16,5,144089812578572813456369196962225420637,0.7627199239182121
16,6,198468326105363866330723063517714463209,0.8516405135520685
16,7,324591625475515779375154204102824254167,0.7948169281978127
16,8,4703589029495439547421525778323989077,0.8259629101283881
16,9,330848498068218624264250598309214211512,0.8511650023775559
16,10,61958134247859248437612421159985030134,0.4871611982881598
16,11,5601596431517769354026468780213034979,0.7900618164526866
16,12,412005848862845245299436579437099468,0.8352353780313837
16,13,280767658422603025378928148643242124437,0.507132667617689
16,14,18612199906696940505026330502574524337,0.8815977175463623
16,15,301010337573565898455485054446782734735,0.777698525915359
16,16,54649364035968516755791345983093991412,0.8159771754636234
16,17,304469098490874573340033548387192178052,0.7551117451260104
16,18,243938976870784999844241724472765022082,0.8670946267237281
16,19,292331563382233141160051016486041992592,0.7453637660485022
16,20,227407856777953825377766111724685731103,0.787208749405611
16,21,79349156697620396274502239218026787408,0.7636709462672373
16,22,7622006221092423486967495056627181232,0.8155016642891108
16,23,259593402494311494032742684493016825434,0.6271992391821207
16,24,171320399934924430354212177526908750687,0.8418925344745601
16,25,290839976788848234345958423872397507889,0.7513076557299097
16,26,36661621648278362018220362904959700013,0.8352353780313837
16,27,157438739422079707223229849121746147092,0.828340466000951
16,28,323245871354662096813924264304844769647,0.7099381835473134
16,29,112703495283843936611538980027414714924,0.6500237755587256
16,30,180126592437496721921783642526190697582,0.8944365192582026
16,31,207383140980948450516925155844853779246,0.6333808844507846
16,32,52877179578537308165149164102907350424,0.7772230147408464
16,33,305022666698858934077658983985024048542,0.7964812173086068
16,34,249625834007345760811311928227335780825,0.7829291488349976
16,35,4527762333105300611934143542337035620,0.5247265810746553
16,36,83788861214658893894244219064928432662,0.8739895387541607
16,37,188697556567489835515179379700827070066,0.8968140751307656
16,38,79917619111283753362914632484852319991,0.20090347123157395
16,39,145407295058543976857431142609522191599,0.814075130765573
17,0,218177572045003898907148129490397328795,0.8653314917127072
17,1,203716531379757099007090049609116048400,0.7516114180478821
17,2,34612379218164021041827275577099358007,0.7532228360957642
17,3,69673050422847280380270066493321891371,0.79304788213628
17,4,30043128244216200673677044111436619130,0.8738489871086557
17,5,77698606407565573263121594302936340612,0.7700276243093923
17,6,103994469498138248023553484999846785792,0.8773020257826888
17,7,119684249713702922078134621872479433974,0.7582872928176796
17,8,92418248453856353146773920249751717301,0.9208103130755064
17,9,46145083889584826596865900974053063139,0.8938766114180479
17,10,135427227944108626270258219924524090828,0.47099447513812154
17,11,163712841044147539484997592440465336220,0.8927255985267035
17,12,136645204137763485259367778381676963361,0.625
17,13,248472947581839141797700079119711617575,0.9083793738489871
17,14,107776158125180910965205358573946196731,0.897329650092081
17,15,130191258739496479814773927063430954667,0.8259668508287292
17,16,215876689466412512115961622121783839669,0.9012430939226519
17,17,11903458244969742526574339929532687491,0.9178176795580111
17,18,301968530297208794614632021092725457341,0.9005524861878453
17,19,11919224759793146124414687109337931183,0.8982504604051565
17,20,228018239993065252537604369061609259482,0.7787753222836096
17,21,316310123188552094306185788359772217169,0.7509208103130756
17,22,29168493768598062149045762514533192300,0.8084714548802947
17,23,111250544405454625919361307498028641903,0.8745395948434622
17,24,281092602167271080771000054190877676304,0.7914364640883977
17,25,212712822582149869128878048626590167410,0.9182780847145487
17,26,282778102237873494109372144040360873033,0.8222836095764272
17,27,251404290535376094633124309934479277132,0.9175874769797422
17,28,201978360028293026902372745787619825214,0.8598066298342542
17,29,3285666811663124360799287704194850374,0.8924953959484346
17,30,100057332739962171161703621395736355500,0.9221915285451197
17,31,339799776221656885481322086447749175689,0.9003222836095764
17,32,214934315499089809288146646142872631325,0.2978821362799263
17,33,28751693846442357600361135264757311646,0.8215930018416207
17,34,138287261969488816894006121101717157980,0.9258747697974218
17,35,336911631138438985952305173327089753552,0.8724677716390423
17,36,321813003624309942394487509862155503923,0.8752302025782689
17,37,109904640565429047960549698299814124968,0.8644106813996317
17,38,88507408144411364280970614128652510596,0.9371546961325967
17,39,101476766084739022719219163427379246089,0.899171270718232
18,0,302054693824616464021932240738676518719,0.8583221775992861
18,1,278110095030249310186598329756138538136,0.9221329763498438
18,2,222637517182426915984828698266306755391,0.891120035698349
18,3,140360042591827812436476447310254411126,0.8871039714413208
18,4,285388345922055879077964267537895393105,0.9502454261490406
18,5,188747380318611035188005560939774973765,0.9221329763498438
18,6,30604008217867263617125251032487695856,0.9165551093261937
18,7,289652238166373955350229850796015234843,0.9096385542168675
18,8,106644573327298459172802866610920750906,0.8447121820615796
18,9,262124052990572430300233532245378109515,0.9426595269968764
18,10,258818287024620026999972694762135306994,0.9199018295403838
18,11,74052900186418202053993856155101035163,0.9332887103971441
18,12,31039894480686648472672319968579947426,0.9243641231593038
18,13,55573740288193671483771883029023931298,0.9665327978580991
18,14,122207493339973975933353128641319678138,0.9549308344489067
18,15,303171126031336434538933046977407587809,0.9366354306113343
18,16,134456778537219647831032394830453266052,0.9103078982597055
18,17,301772203526659362102374701525330631538,0.9424364123159303
18,18,233410197755778226123203162134327452893,0.9080767514502455
18,19,107313728633637503889726814039571656090,0.9120928157072735
18,20,178488311283784869654652122451453459124,0.895136099955377
18,21,30184593583148049215275617293128231023,0.9212405176260597
18,22,156807235972794261425877460857492125535,0.9013833110218652
18,23,282820436067466174355539313754314550551,0.8969210174029452
18,24,151207073384116785182710743211646315914,0.891566265060241
18,25,321973099009668970459985521588275626581,0.9337349397590361
18,26,223623647871161598792498302994360642369,0.8813029897367247
18,27,264049334689614281786385197754923144089,0.9274877286925479
18,28,51137571266440570114139961446504444103,0.9170013386880856
18,29,262989551652605750155125607110896569656,0.9232485497545738
18,30,313405179010809271716679288988547978324,0.927710843373494
18,31,184606791785484585691205020450318195377,0.8819723337795627
18,32,31525137414459522912409604390761486326,0.9210174029451138
18,33,240110389148438916764939141878427375705,0.9082998661311914
18,34,305347092105786452416316453284550404626,0.9384203480589023
18,35,170861788775705355815055584818008522022,0.9082998661311914
18,36,227523109314929454601491520725646177291,0.9114234716644355
18,37,187760726426739339319724283388280906674,0.9352967425256582
18,38,189015453962028898032516154156955141998,0.9024988844265953
18,39,132069006376181789166125035690555555685,0.9234716644355199
19,0,26710309425273130365597927832497252065,0.8824675324675325
19,1,52935933705267109107822919489665457493,0.8616883116883117
19,2,223601597150899895031628711275362493674,0.9411255411255411
19,3,92620687230257440899312341618643142718,0.9415584415584416
19,4,154386108223845180496753690837598233494,0.9510822510822511
19,5,53469040479053508889002182287358066615,0.8902597402597403
19,6,72976930294307685976166224207169432725,0.9391774891774892
19,7,331574800476003969013943681280593194379,0.9543290043290044
19,8,278054788727810293145346385338907895146,0.9004329004329005
19,9,116965761547285776893271456741758022442,0.9238095238095239
19,10,133044165095595824901303515716758074491,0.9422077922077922
19,11,193324775193424020617659239899660896678,0.9588744588744589
19,12,293257933995815457676894323281998650640,0.9510822510822511
19,13,329968905520634150801789236931841142090,0.9435064935064935
19,14,210098924248220636408987440681734091209,0.9608225108225108
19,15,141491420202870509061687440253267421209,0.9517316017316018
19,16,266220085136170999557540624894555431679,0.9203463203463204
19,17,220731454389643963759519534089677985521,0.9573593073593074
19,18,271269976091503615118006952977314805450,0.956926406926407
19,19,80661128675242230587445905571142473188,0.9158008658008658
19,20,233893816791291826122964681462583943060,0.8707792207792208
19,21,138079014856402840688135447052261763920,0.9623376623376624
19,22,75343799865889799149861925255559594661,0.9404761904761905
19,23,99243770086022251467460857586962739497,0.9495670995670996
19,24,275826775646612992036080508636700424443,0.95
19,25,269699154732969541751015933967561623049,0.9391774891774892
19,26,297566129971761301378988964113261260462,0.9463203463203463
19,27,251520286089449700973092521391433167611,0.9478354978354978
19,28,94400791216126316192691252167138518011,0.9534632034632035
19,29,144341965469565697585392382847702004884,0.9551948051948052
19,30,56801544028012611178590385017874482592,0.9651515151515152
19,31,94855526685378717517049522365876042447,0.9378787878787879
19,32,19078066350835973365258805457832571312,0.948051948051948
19,33,43073450558253867318031234246294740711,0.9502164502164502
19,34,89041045469319178991764426234340118827,0.9331168831168831
19,35,278772550959116203153568458103147709476,0.9292207792207792
19,36,29674448053037905886031953053027823763,0.95995670995671
19,37,208462032739616099588952426293045853900,0.9593073593073593
19,38,87878437480229269620840422540290127848,0.9244588744588744
19,39,279455021320876940135394905696773596446,0.9361471861471862
20,0,24362126975930160166501551307688262380,0.9663724253888188
20,1,233798079269460169916203646713286795730,0.9806641445985709
20,2,113704264094027795860173737678281573929,0.9712063892391761
20,3,93589517987725007856567078419162360631,0.9520807061790668
20,4,30419400448860377801601111999343190003,0.9646910466582598
20,5,97594077255997010150557924711791456821,0.9672131147540983
20,6,237368114906135268091850395036647715708,0.962379150903741
20,7,96293447463885126484568334883775757728,0.9646910466582598
20,8,169527125913286842969793028319331502364,0.9495586380832283
20,9,57284924255910141584417520666676751924,0.9386296763345944
20,10,283659364038221863499448366693518193838,0.9558638083228247
20,11,108271692034789664415199042205354423695,0.9417822614543926
20,12,276210891692226469497365483272306145943,0.9558638083228247
20,13,225681352275374692720592884485056447702,0.9743589743589743
20,14,232419279441480864646941165902855001581,0.9661622530474989
20,15,221970528841184398172293227980287450448,0.9569146700294241
20,16,54258191185869653375640545664443985797,0.9531315678856662
20,17,108184787234810702410809094732609730129,0.9659520807061791
20,18,225998127454177767627576144868069418572,0.9743589743589743
20,19,339044822247714902661491535682154614275,0.9651113913408995
20,20,249264182918553620607599486134518761509,0.9775115594787726
20,21,85342201490152413191018221814175918639,0.9478772593526692
20,22,322060906743226039660182028977819691248,0.9728877679697352
20,23,235306749741840830823246038343631480697,0.9659520807061791
20,24,159746318561789186429817195673607399098,0.9316939890710383
20,25,236136169316124445311106444348766495355,0.9615384615384616
20,26,112245700842602654364679385935587112775,0.9602774274905422
20,27,200318616689255748683008136515538399717,0.9512400168137873
20,28,102092885072372163563223349276196462738,0.9670029424127785
20,29,7831409550664546016785391054515634931,0.9676334594367382
20,30,186090415408297396602691658591659242825,0.962379150903741
20,31,95518527763345814908832063997691893856,0.9579655317360235
20,32,210145710175762481885047300718631087792,0.9478772593526692
20,33,241549050126341409025327633178345431749,0.9611181168558218
20,34,76089043563530178974439399046008766971,0.9674232870954182
20,35,86692633683580863803168732035092313634,0.9747793190416141
20,36,274014247820552976305925145629526788905,0.9766708701134931
20,37,59939007576520103724977568168202887725,0.9646910466582598
20,38,144729379266398779837243060809371591396,0.9464060529634301
20,39,186196870896852686149001340780501940664,0.9588062211013031
21,0,261113527574139983048381742245447245602,0.9779411764705882
21,1,232257061365714534251958917715355517716,0.9697712418300654
21,2,167010049991690630858973519973162520879,0.9638480392156863
21,3,1115482034088894065930131649871149004,0.9732434640522876
21,4,48168638798867208573183335493269215059,0.9714052287581699
21,5,330515437981544700313624156814217155998,0.9865196078431373
21,6,8483766295247714733769894956581554023,0.9771241830065359
21,7,96321983332698093416209254623042425882,0.9746732026143791
21,8,202010165721106555491096918075390197064,0.9767156862745098
21,9,289746785063989912867888872109166887810,0.9483251633986928
21,10,322046382446720783650504676546838597368,0.9834558823529411
21,11,279644824303801948412214407243471167064,0.9714052287581699
21,12,119286854931462884451185787655688100033,0.9791666666666666
21,13,220369149490441434991810150358473106988,0.9758986928104575
21,14,28767140744379724551193285716640856291,0.9838643790849673
21,15,259036078074722071522129217647148091234,0.9814133986928104
21,16,149205319028902887402101698157550935722,0.9769199346405228
21,17,66061135491474869315472498656518389730,0.9524101307189542
21,18,63008372788207738081125740088675149751,0.9846813725490197
21,19,240453326662496622198258452516228133437,0.9785539215686274
21,20,71612440929660588130634940811845056966,0.9667075163398693
21,21,272573080861455335992283385031032044665,0.9397467320261438
21,22,162538037667207602882447501164454598878,0.9714052287581699
21,23,286145710762332433488750477973091571967,0.9736519607843137
21,24,184108007406278399951469394275878848442,0.9591503267973857
21,25,313405407364914652160779208132073552623,0.9693627450980392
21,26,133251753245178735772173245332454028837,0.9777369281045751
21,27,287887951379567716234073398042192866127,0.9763071895424836
21,28,296339960593096502152361740000837307627,0.9613970588235294
21,29,134929802260037887478839121547849178798,0.9808006535947712
21,30,162272624307000763910876914120386122811,0.9779411764705882
21,31,205297391630356348944795465260587172329,0.9052287581699346
21,32,324130704437380301629295982483203025827,0.977328431372549
21,33,49036351440933194180420453063622758254,0.9746732026143791
21,34,143505338460113685284601336888799311481,0.9611928104575164
21,35,96496410501531131605209209672804905965,0.9734477124183006
21,36,138965757068186228928626387380500650434,0.9752859477124183
21,37,181706228974221851152185901591698916514,0.9795751633986928
21,38,100975065130440256726170004979373447603,0.9585375816993464
21,39,63185118651237840118169969596745018592,0.9607843137254902
22,0,132410845152728869441072648990569442548,0.9874851013110846
22,1,185162239741291691701594055149515356855,0.9743742550655542
22,2,86476426741564772732996570008099505154,0.9851013110846245
22,3,142652302460699807362289983727508495634,0.9849026618990863
22,4,320187938667461614320028505300831266653,0.9799364322606278
22,5,212441907112973685351785804754185465966,0.9803337306317044
22,6,289732450845499212759894553868381638896,0.9811283273738578
22,7,266636181522176975769639303712217864204,0.9789431863329361
22,8,209261173415944963461759326324087607614,0.9835121176003179
22,9,1908203305693381841668517219443667631,0.9813269765593962
22,10,251936411166655378412817817349534085943,0.9829161700437028
22,11,327222737016788937388824024893598090991,0.9721891140246325
22,12,273896454605746725596886888899508396206,0.9779499404052443
22,13,150864267544741916198237207524462892224,0.9529201430274136
22,14,229838569382549269253951366432720985798,0.9662296384584823
22,15,181892709657275615139325829055912115872,0.9876837504966229
22,16,116747615810671549455463660020545092774,0.9886769964243146
22,17,112441514609990222697951321636673630903,0.9628526023043306
22,18,177675167243860187027824066504317206444,0.9845053635280095
22,19,330342523853152981078700452708684956714,0.9793404847040127
22,20,49541870764977055502636878031530501636,0.977155343663091
22,21,119747510342457081161002021914923416534,0.9864918553833929
22,22,139399805686479742527536286028203892165,0.9763607469209377
22,23,93652782940636257936040410941220706551,0.9721891140246325
22,24,236164724201262334441725178564916413613,0.9801350814461661
22,25,30125591562439936705068793123790122603,0.977751291219706
22,26,335838387094523788710392809559012386325,0.9831148192292412
22,27,144410200024312765585852144639569042248,0.9833134684147795
22,28,336640682079818910554694869561664231889,0.9785458879618594
22,29,253765101334688449565910105720963862470,0.9769566944775526
22,30,286473181819209276093788299184986964687,0.987087802940008
22,31,238262905470695277178759513772388158073,0.9735796583234009
22,32,270397878756518588541236240878011287847,0.977751291219706
22,33,258088447128790673536317593109442716043,0.9757647993643226
22,34,176979737974502774204824053097266561504,0.9815256257449344
22,35,261348259177994813829527278205161039090,0.9825188716726262
22,36,287622869701344315262030242688158503868,0.9763607469209377
22,37,313421444925911613125964297691298364537,0.9841080651569328
22,38,267257683325879250546615681264179071292,0.9767580452920143
22,39,162441263361753482314281054837809457486,0.9439809296781884
23,0,47157479555032815116419067615316067572,0.9887857695282289
23,1,184920570925687239851729441858761112787,0.991492652745553
23,2,167440617875288363162417936249677229291,0.9878190255220418
23,3,321120944479488748195341119775927158014,0.9860788863109049
23,4,108218412547014852015934374028061343679,0.9847254447022429
23,5,312065187825650756041788964283834833724,0.9791183294663574
23,6,236400483208462910364429033740137681082,0.9864655839133797
23,7,211238439100556214697432768971342214158,0.9897525135344161
23,8,60858241528933319293965619237257099613,0.9853054911059551
23,9,333302657495443544591150272086842021496,0.9835653518948183
23,10,109625771168898512685707324677356537921,0.978538283062645
23,11,68460673944236612053383167847974856375,0.9897525135344161
23,12,127758402939620554096986290927733848325,0.984338747099768
23,13,175154170530077658770573002261606961607,0.9849187935034803
23,14,114967105645143608650472876408153553072,0.9885924207269915
23,15,310929537073765954533045956262069339035,0.9922660479505027
23,16,223458831652514816915223031606560080643,0.982985305491106
23,17,163716395665857519120261592470666718111,0.9806651198762568
23,18,67952906223519849529916808934360923642,0.9851121423047177
23,19,257328353158477761985021783937371917806,0.9858855375096675
23,20,78598559337032508877431996622590589954,0.9878190255220418
23,21,202178304436003440677586977954266750212,0.9889791183294664
23,22,95198080295743178379081544385807754266,0.9889791183294664
23,23,332281962911564011268003251953186022653,0.9893658159319412
23,24,67947236094005134603536583646306167810,0.9827919566898685
23,25,44548187285277615578397333190088742920,0.9851121423047177
23,26,288479682230533584157902711042102874626,0.9824052590873936
23,27,115093092241964248039323898833719641476,0.9837587006960556
23,28,27363519536294614413507977300213006879,0.9818252126836814
23,29,290929746086450610601506649491466605735,0.9854988399071926
23,30,262089562564823520774153416143923925849,0.9802784222737819
23,31,311208904474205803353992971281136764083,0.9818252126836814
23,32,276678431549068192077575230144213859863,0.9889791183294664
23,33,19502438591408371017879089768746178977,0.9882057231245166
23,34,301048544092843780638545613614560462670,0.9876256767208044
23,35,236348095263146282833995304635348311872,0.992846094354215
23,36,20874074478611044972556813054073351638,0.987045630317092
23,37,44574170498923286810773257887871180074,0.984338747099768
23,38,664931330808919581223969594583861808,0.9880123743232792
23,39,150943215468454517541493270455951012845,0.9887857695282289
24,0,150188765346983720353280100622248836117,0.992467043314501
24,1,24506968058809919500118228517240700832,0.9909604519774011
24,2,143774698865476296996179835043416499535,0.9900188323917137
24,3,2053816774330016202847189099989162961,0.9894538606403013
24,4,269332424404807588414266388063821328487,0.9781544256120527
24,5,34966383227563756525793482309139846048,0.9817325800376648
24,6,68644610895181466853261729627906693254,0.9911487758945386
24,7,225012406938398206435250830498947691079,0.9887005649717514
24,8,72151286758817249068638864736283133166,0.9885122410546139
24,9,317565754238655986937824723511237611758,0.9839924670433146
24,10,128255396264508890736980259436487757394,0.9905838041431262
24,11,44897366778536407719755293936991850952,0.9885122410546139
24,12,266315775924889871482969438703693990638,0.9913370998116761
24,13,84455548843103231501612804136140545279,0.9871939736346516
24,14,91838781530699051295482289545489595904,0.9670433145009416
24,15,238803712359713327912256370349322718505,0.992090395480226
24,16,339751388723512440422358183954521575122,0.9843691148775895
24,17,151511024679112937068378169830506016495,0.9879472693032015
24,18,222921993437931249537550343898671059371,0.9819209039548022
24,19,291936282772043675315657740186133002367,0.9902071563088513
24,20,242457165253172485888247904324287088677,0.991713747645951
24,21,39215068898332500508530888780637401724,0.9860640301318268
24,22,85324978163297496331428557809180979898,0.9926553672316384
24,23,281531567694467003116744804043838675120,0.9922787193973635
24,24,221357559569194815216273638711431696123,0.9824858757062147
24,25,242437762273235523521625928689424483045,0.9898305084745763
24,26,164094380984331745938271586627765734038,0.9932203389830508
24,27,187842370193312610465285258258177278398,0.9883239171374765
24,28,219976289719975448602592104824959621655,0.9858757062146892
24,29,72105688709193899620796465118036768786,0.9900188323917137
24,30,103830181715786158031167124876890525880,0.9854990583804143
24,31,273292924876855455847102820927044677531,0.9896421845574388
24,32,339551400550989926804817131061691658837,0.9871939736346516
24,33,244206942684662626816003559191102248233,0.9932203389830508
24,34,91982831574249355766263602417052328240,0.9836158192090395
24,35,54890280992495241815617613302528152046,0.9787193973634651
24,36,322023371436613907323721224926870072492,0.9760828625235405
24,37,313481874090954847531127982308293563116,0.9894538606403013
24,38,159620911360082640144186017415693371074,0.9851224105461394
24,39,220405125754757665158986724782541562566,0.9749529190207157
25,0,227961029033385393695670096366115325403,0.9919236417033774
25,1,305232376897889382830700403757190560469,0.9922907488986784
25,2,180586705587219387878885247732686986228,0.9888032305433186
25,3,281130014575465947294835096226438070206,0.9843979441997063
25,4,96976516975732577165703726400175090167,0.9906387665198237
25,5,260704443775744987610459991708618249235,0.9946769456681351
25,6,88464222408125057196203597983414086855,0.9919236417033774
25,7,161782536343389808371449704782114258610,0.9950440528634361
25,8,76697284631568055721528101620549086911,0.9944933920704846
25,9,34208305517706148198000961678605475163,0.9899045521292217
25,10,300941404356560665752511494334307453392,0.986784140969163
25,11,147829968899995905699527054538667436866,0.9906387665198237
25,12,170721085821949515700418208188766510165,0.9922907488986784
25,13,137000247145448387098038233351838609313,0.9889867841409692
25,14,119146861889081378320232964768243187765,0.9889867841409692
25,15,326357746624067969316321293844477391076,0.9933920704845814
25,16,22538571790940149758854722768732385619,0.9937591776798825
25,17,40464850871736590205905991350838911726,0.9941262848751835
25,18,16288393175410270229359567952805568315,0.9906387665198237
25,19,203720297681305709287075158031193354564,0.9961453744493393
25,20,132889054861610364673938923347530349297,0.9952276064610867
25,21,82945520286023967703384841333836329614,0.987151248164464
25,22,315468749519532647878317881687936998282,0.9977973568281938
25,23,258723294347273012458797818083133759652,0.9946769456681351
25,24,104000689564438833757671925499469530224,0.9922907488986784
25,25,7954043335741297028415509083102474912,0.9900881057268722
25,26,145685338669803472850192780178366312637,0.9897209985315712
25,27,303856272502315994018344136057910605043,0.9886196769456681
25,28,335320988388011250336164980255052072885,0.9880690161527166
25,29,76938328163126457101565433840646004246,0.9928414096916299
25,30,63621215579752592000533929953326874369,0.9910058737151248
25,31,32946644029321679790231785362748270330,0.993575624082232
25,32,22539987973267290911441034544677117117,0.9928414096916299
25,33,96488704585122906533762331994385093168,0.9862334801762115
25,34,77957521765260168836584588960407704517,0.9928414096916299
25,35,204213934084452578830162679451319635411,0.994309838472834
25,36,173669490319704473285846851027844743042,0.9910058737151248
25,37,289098678220870619712550805621985603288,0.9933920704845814
25,38,145645928084532021240969424052556695380,0.9860499265785609
25,39,147469688517610808398324356981252283033,0.9904552129221733
26,0,262819252099904870493462060431599981466,0.9958825635517364
26,1,309509812767391968691310175452096998267,0.9935553168635876
26,2,218909282078445661835144808258323231110,0.9953455066237021
26,3,214785001800123965018904980862793676529,0.99140708915145
26,4,236581746674831553434764894217498549049,0.9949874686716792
26,5,178684899554523848401399678548926674738,0.9958825635517364
26,6,224227086369516001450359267808323362379,0.993734335839599
26,7,338478305173131085135665875048321819450,0.9953455066237021
26,8,239576635679735191296680635154749723173,0.9949874686716792
26,9,311012268339303289675418314108040249355,0.9969566774078052
26,10,216133314935677940217974665403643522494,0.9939133548156105
26,11,205309004962040998497177848074870067588,0.9951664876476907
26,12,172317828792448222927738742911980097623,0.9949874686716792
26,13,190201861031699880688909995503572926821,0.9942713927676333
26,14,213962720173944614612627693668195379219,0.9951664876476907
26,15,72736596839020428138789986520706763094,0.9923021840315074
26,16,188212875894715102211237846683326914842,0.9951664876476907
26,17,337561425254774257107409498878649645566,0.993734335839599
26,18,333711696260930457422619277380586652787,0.9903329752953813
26,19,63923812617713817796793979943309531189,0.994092373791622
26,20,86449840740987989730188728377995218096,0.9962406015037594
26,21,271569339586607690694455547237386036607,0.9948084496956677
26,22,312169922647640238383202012529193572598,0.9935553168635876
26,23,53482718278276644462488465449104908924,0.9951664876476907
26,24,317306107700971646065630158654805467682,0.9910490511994271
26,25,132429427629888710925106236219811219167,0.9948084496956677
26,26,292798253648636237176033208792736605930,0.9973147153598282
26,27,283889871739859122078013801117453762681,0.9955245255997136
26,28,241928683752791377345741190211829416841,0.9948084496956677
26,29,56801896622090512409681625508354734940,0.9899749373433584
26,30,20413866468250807576324351461794346379,0.9912280701754386
26,31,31856325392056174919056209030031155150,0.9921231650554959
26,32,201430035992538099494522105542824319441,0.9939133548156105
26,33,290062095116181344114915585326395594371,0.9946294307196563
26,34,50885075498881289992944002213199594178,0.9957035445757251
26,35,257808348168980258619482270068324786509,0.9933762978875761
26,36,142512393637080819863895679063022957673,0.9930182599355531
26,37,183156747189468434905960458121387991898,0.9973147153598282
26,38,251323778481909503409914650835683016730,0.9935553168635876
26,39,220351436728540552555073938224195461982,0.9953455066237021
27,0,327614788426996975571610131216240575986,0.9917889587700909
27,1,301409793483697711036824420844458885682,0.9963312368972747
27,2,182838686729104670321474195701632294963,0.9944095038434662
27,3,163613814089600209677989955502547812719,0.9958071278825996
27,4,215977933021102858735784838911423470160,0.9958071278825996
27,5,222141066194009221789385448467956374912,0.9958071278825996
27,6,6642506348079950896080493272514888015,0.9973794549266247
27,7,69066182872828985042918311419484855009,0.9979035639412998
27,8,123797236183156938785378236785279015409,0.9980782669461915
27,9,112583859857559296524124747048250559971,0.9945842068483578
27,10,292119496578973134666089451767500633123,0.9944095038434662
27,11,213465591510740805178666729306829298332,0.9973794549266247
27,12,16218212553564933729837639459739818448,0.9972047519217331
27,13,99819328474915597427533143859521872476,0.9951083158630328
27,14,101634790740576921128365259789051940157,0.9947589098532494
27,15,239754394073876197182201782963458591445,0.9977288609364081
27,16,203847246692500399631353640195626959891,0.993361285814116
27,17,223848962481138849323189167305459439897,0.9945842068483578
27,18,129474382227475960478438319533083079731,0.9970300489168413
27,19,202355529014488558621073386101154730501,0.993885394828791
27,20,185290838745163082456739566447838027165,0.9951083158630328
27,21,116755777814385606134759365628478560825,0.9942348008385744
27,22,259588261099701032975573950515866968749,0.9973794549266247
27,23,77598576335528875298232104812396967631,0.9977288609364081
27,24,61896945108245532473469533100447630362,0.9970300489168413
27,25,317817923903224660493639212936686304890,0.9921383647798742
27,26,255249049086693891403402557806162450707,0.9982529699510831
27,27,192861635273813843373611213684407924579,0.9931865828092243
27,28,214777153418826549025548458013048476641,0.9961565338923829
27,29,305067895168398075162848381869560967696,0.9931865828092243
27,30,246573181946819048867559965898688271384,0.9958071278825996
27,31,110833767482475838430314024408384010594,0.9947589098532494
27,32,186488843863048842776597637320310111814,0.9942348008385744
27,33,327621982775180065843358415282796704679,0.9965059399021663
27,34,8570494077696725662970951886758174001,0.9963312368972747
27,35,14432118411586047586952620881982693357,0.9968553459119497
27,36,24210401077003580653694466540751792968,0.9952830188679245
27,37,94369768255262760216978203947658384089,0.9979035639412998
27,38,208168097413728816507571018527467092431,0.996680642907058
27,39,313427530071574483470235295333717001022,0.9956324248777079
28,0,327009211637878701468868931419529781361,0.9965881951552371
28,1,301407950297011475608027953600654018811,0.9960764244285227
28,2,264887412994372836728553260881775629534,0.9960764244285227
28,3,3939663795212662279285756914579222015,0.9926646195837598
28,4,4502017301094804055560573283689040203,0.9986352780620948
28,5,118927293569016885852639064542585763452,0.9965881951552371
28,6,209119351591541615181579119724035056419,0.9989764585465711
28,7,311827326785121000254951139429967012135,0.9970999658819516
28,8,232929896935568878037078791621932233664,0.9965881951552371
28,9,255909623060983367301446378240963270399,0.9931763903104742
28,10,327393468584036522173479222965496459450,0.9979529170931423
28,11,336770524012814697891183391255631580709,0.9972705561241897
28,12,47729548361384686483361130701474616937,0.9969293756397134
28,13,112088171158885916668418277329057426894,0.9986352780620948
28,14,263403316987727171812434659337753511585,0.9979529170931423
28,15,52618373787641777623084039158950118752,0.9974411463664279
28,16,216567213491402924029974352226540744776,0.9955646537018082
28,17,191966276829109031417031116146279925060,0.9977823268509042
28,18,283725491852797250812214895584525268050,0.9969293756397134
28,19,153927373618451501163849115636842194449,0.9950528829750939
28,20,79776228812612750619829958878151707906,0.9962470146707608
28,21,265927080383516742066804521240136762994,0.9948822927328557
28,22,168208644436691412028418502682365541823,0.9959058341862845
28,23,23629149902073898878086760082142424791,0.9945411122483794
28,24,263000857609956974379004748427955918827,0.9979529170931423
28,25,134985359044381279906147799639209307475,0.9959058341862845
28,26,26833290232931598438065472143192382232,0.9970999658819516
28,27,203804742044993928555033847826424948198,0.996417604912999
28,28,315961752533628662046924793064481324696,0.9986352780620948
28,29,180942443225071496973979130290244788241,0.9972705561241897
28,30,298737400922009475687362099613118159038,0.9979529170931423
28,31,86557580438689174339835935304811471713,0.9953940634595702
28,32,336847311677291239379476145375536408349,0.997611736608666
28,33,166774466854225729844248612426588886087,0.9977823268509042
28,34,278765113092345503262917036526473333897,0.9967587853974753
28,35,93850980577887011826931298823699260778,0.9979529170931423
28,36,323183033100014585122149388505071273306,0.9953940634595702
28,37,81308368859016819573309839176708551188,0.9943705220061413
28,38,249679641847499308282254863414162596540,0.9965881951552371
28,39,324081554872727732351872186783089548998,0.9981235073353805
29,0,169221882748891802256633677709829025622,0.9971666666666666
29,1,117076900999975549759943068072369481771,0.9986666666666667
29,2,196160089276363894807489038642198481779,0.9948333333333333
29,3,168034275855105873318049755148663365299,0.9963333333333333
29,4,322244948235416296473613338909522637265,0.9961666666666666
29,5,273349458962526279736117079038951283119,0.997
29,6,166253574146339818506303061963282151363,0.999
29,7,247806502704820227677738237742645656994,0.9981666666666666
29,8,161957843962696091470025339687227824247,0.9981666666666666
29,9,118208212544941414950779428617990472938,0.9975
29,10,26513583031021901730162535122118620350,0.9985
29,11,311536956676859506642357456912191075774,0.997
29,12,189150090329147480876093825794575940463,0.999
29,13,272157407574201160489313890984624387460,0.999
29,14,48957603070371238051459676451542178124,0.9975
29,15,244249776825076142275290029523316201159,0.9941666666666666
29,16,253898516492196674459623922410617429292,0.9975
29,17,91767579353909132730683605438241632678,0.9948333333333333
29,18,12834939341977333773969219005836157317,0.9948333333333333
29,19,278939552226549966334134288032844802808,0.997
29,20,321891691639684941696230180393188775520,0.9978333333333333
29,21,187562214004389853361720781136760864895,0.9983333333333333
29,22,139509206463860106044817679058684296497,0.9993333333333333
29,23,219574046676953873422605407183250998989,0.9976666666666667
29,24,296400262444499301429628675705684140346,0.9986666666666667
29,25,225492274970996181176037348562690279966,0.9978333333333333
29,26,41786750562764963713042809448882174028,0.999
29,27,94384118545429298619288684271020875056,0.9956666666666667
29,28,75797040207307836193418411140212490853,0.9978333333333333
29,29,285256674855386096494639171843915449149,0.9981666666666666
29,30,25984009588532025391556611295620055883,0.9956666666666667
29,31,107963403085266618465638169041341243792,0.9956666666666667
29,32,177408572943771207247804114486034583703,0.998
29,33,272975053514497756658328325654067716368,0.997
29,34,166478117122723387284926225513646565616,0.9973333333333333
29,35,58839016704056069347193332067812952167,0.9978333333333333
29,36,329918251469345294978728272094806805260,0.9971666666666666
29,37,207137832675698045887391515360169926943,0.9988333333333334
29,38,15395047797387079760153023880352760244,0.998
29,39,111686890435172946936397394962863729159,0.9981666666666666
